Price ($),Customer rating (Out of 5),Prediction,Food Product,Main Ingredient,Sweetener,Fat/Oil,Seasoning,Allergens
10.15,3.1,1.0,1.0,1.0,0.8901098901098901,0.9404761904761905,1.0,1.0
6.17,4.5,1.0,1.0,1.0,0.8901098901098901,0.9404761904761905,1.0,1.0
19.65,4.1,1.0,0.3333333333333333,1.0,0.5431654676258992,0.631578947368421,0.9,1.0
17.48,4.7,1.0,0.3333333333333333,1.0,0.5431654676258992,0.631578947368421,0.9,1.0
10.83,3.7,1.0,0.6407035175879398,1.0,0.5431654676258992,0.631578947368421,0.9,1.0
9.92,2.3,1.0,0.6407035175879398,0.6407035175879398,0.8901098901098901,0.30952380952380953,0.0,1.0
6.14,3.2,1.0,0.6407035175879398,0.6407035175879398,0.8901098901098901,0.9404761904761905,0.9,1.0
14.99,4.8,1.0,1.0,1.0,0.5431654676258992,0.3595505617977528,1.0,1.0
12.45,3.8,1.0,0.6407035175879398,1.0,0.5431654676258992,1.0,1.0,1.0
13.37,3.2,1.0,1.0,1.0,0.6363636363636364,1.0,0.3684210526315789,1.0
18.9,4.2,1.0,0.6407035175879398,1.0,0.5431654676258992,0.631578947368421,1.0,1.0
16.95,3.1,1.0,1.0,1.0,0.5431654676258992,0.631578947368421,0.6407035175879398,1.0
14.82,3.5,1.0,0.6407035175879398,0.3333333333333333,0.5431654676258992,0.9404761904761905,0.5,1.0
6.29,3.9,1.0,1.0,1.0,0.5431654676258992,0.631578947368421,0.3684210526315789,1.0
10.98,3.4,1.0,1.0,1.0,0.5431654676258992,1.0,1.0,1.0
19.76,3.3,1.0,1.0,0.36363636363636365,0.5431654676258992,0.3595505617977528,1.0,1.0
6.89,1.2,1.0,0.6407035175879398,1.0,0.8901098901098901,1.0,0.3684210526315789,1.0
17.33,3.1,1.0,1.0,1.0,0.5431654676258992,0.3595505617977528,1.0,1.0
12.97,4.5,1.0,1.0,1.0,0.8901098901098901,1.0,1.0,1.0
6.56,3.5,1.0,0.6407035175879398,0.55,0.5431654676258992,0.9404761904761905,1.0,1.0
7.68,3.3,1.0,0.6407035175879398,0.6407035175879398,0.5431654676258992,0.631578947368421,1.0,1.0
10.54,1.6,1.0,1.0,0.35714285714285715,0.5431654676258992,1.0,0.6407035175879398,1.0
19.77,4.5,1.0,0.6407035175879398,1.0,0.6363636363636364,1.0,0.3684210526315789,1.0
7.01,4.6,1.0,0.6407035175879398,0.6407035175879398,0.5431654676258992,0.631578947368421,0.6407035175879398,1.0
11.07,4.4,1.0,1.0,0.55,0.5431654676258992,0.6407035175879398,0.6407035175879398,1.0
8.58,2.4,1.0,0.6407035175879398,0.0,0.8901098901098901,1.0,0.6407035175879398,1.0
12.81,1.3,1.0,0.0,0.0,0.5431654676258992,0.3595505617977528,0.6407035175879398,1.0
6.14,1.6,1.0,1.0,1.0,0.5431654676258992,0.9404761904761905,1.0,1.0
12.62,3.6,1.0,1.0,0.5,0.5431654676258992,0.3595505617977528,0.6407035175879398,1.0
6.77,1.8,1.0,0.6407035175879398,1.0,0.5431654676258992,0.631578947368421,0.6407035175879398,1.0
14.04,4.5,1.0,0.6407035175879398,0.55,0.5431654676258992,0.3595505617977528,0.6407035175879398,1.0
11.52,1.5,1.0,0.6407035175879398,0.55,0.5431654676258992,0.9404761904761905,1.0,1.0
10.16,4.8,1.0,0.6407035175879398,0.36363636363636365,0.5431654676258992,0.3595505617977528,1.0,1.0
8.67,4.9,1.0,1.0,0.75,0.5431654676258992,0.9404761904761905,0.6407035175879398,1.0
7.25,2.2,1.0,0.6407035175879398,0.6407035175879398,0.6363636363636364,0.631578947368421,0.6407035175879398,1.0
14.38,1.5,1.0,0.6407035175879398,0.0,0.5431654676258992,0.3595505617977528,0.6407035175879398,1.0
7.34,2.4,1.0,0.6407035175879398,1.0,0.8901098901098901,1.0,0.6407035175879398,1.0
13.84,4.8,1.0,1.0,0.8333333333333334,0.5431654676258992,0.3595505617977528,1.0,1.0
7.03,2.7,1.0,0.6407035175879398,0.55,0.5431654676258992,1.0,1.0,1.0
11.97,1.8,1.0,0.6407035175879398,0.3,0.5431654676258992,0.3595505617977528,0.6407035175879398,1.0
11.16,3.1,1.0,0.6407035175879398,0.75,0.5431654676258992,0.9404761904761905,1.0,1.0
15.79,4.5,1.0,1.0,1.0,0.6363636363636364,0.631578947368421,0.3684210526315789,1.0
8.15,4.8,1.0,1.0,0.3,0.5431654676258992,1.0,1.0,1.0
16.12,2.7,1.0,1.0,1.0,0.8901098901098901,1.0,1.0,1.0
10.74,4.7,1.0,1.0,1.0,0.5431654676258992,0.631578947368421,1.0,1.0
19.25,2.6,1.0,1.0,0.36363636363636365,0.5431654676258992,0.3595505617977528,1.0,1.0
16.62,4.7,1.0,1.0,0.55,0.5431654676258992,1.0,1.0,1.0
15.43,2.3,1.0,1.0,0.35714285714285715,0.5431654676258992,1.0,1.0,1.0
14.47,2.1,1.0,1.0,1.0,0.8901098901098901,1.0,1.0,1.0
14.2,2.5,1.0,1.0,0.55,0.5431654676258992,0.9404761904761905,1.0,1.0
19.4,1.8,1.0,0.6407035175879398,0.75,0.5431654676258992,0.3595505617977528,0.6407035175879398,1.0
6.83,1.8,1.0,1.0,0.5,0.5431654676258992,0.3595505617977528,1.0,1.0
17.48,2.3,1.0,0.6407035175879398,1.0,0.5431654676258992,0.9404761904761905,1.0,1.0
5.81,4.1,1.0,1.0,1.0,0.5431654676258992,0.9404761904761905,1.0,1.0
16.69,5.0,1.0,0.6407035175879398,0.36363636363636365,0.5431654676258992,0.3595505617977528,1.0,1.0
16.27,3.0,1.0,1.0,0.55,0.5431654676258992,0.9404761904761905,1.0,1.0
19.83,4.7,1.0,1.0,0.6407035175879398,0.6363636363636364,1.0,1.0,1.0
9.12,1.8,1.0,0.0,0.75,0.5431654676258992,0.631578947368421,1.0,1.0
9.92,4.7,1.0,1.0,0.3,0.5431654676258992,1.0,1.0,1.0
11.96,3.6,1.0,1.0,1.0,0.8901098901098901,1.0,1.0,1.0
19.0,3.9,1.0,1.0,1.0,0.5431654676258992,0.631578947368421,1.0,1.0
19.73,3.7,1.0,1.0,0.36363636363636365,0.5431654676258992,0.3595505617977528,1.0,1.0
8.97,1.7,1.0,1.0,0.55,0.5431654676258992,1.0,1.0,1.0
18.82,4.0,1.0,1.0,0.35714285714285715,0.5431654676258992,1.0,1.0,1.0
6.88,1.3,1.0,1.0,1.0,0.8901098901098901,1.0,1.0,1.0
7.32,3.9,1.0,1.0,0.55,0.5431654676258992,0.9404761904761905,1.0,1.0
19.61,1.0,1.0,0.6407035175879398,0.55,0.8901098901098901,0.9404761904761905,1.0,1.0
7.45,2.3,1.0,0.6407035175879398,0.3,0.5431654676258992,0.6923076923076923,0.6407035175879398,1.0
8.52,1.1,1.0,1.0,0.55,0.5431654676258992,1.0,1.0,1.0
7.34,1.5,1.0,1.0,1.0,0.5431654676258992,0.6923076923076923,1.0,1.0
16.26,3.8,1.0,0.6407035175879398,1.0,0.5431654676258992,0.0,0.6407035175879398,1.0
16.93,4.6,1.0,0.6407035175879398,0.0,0.5431654676258992,0.6923076923076923,0.6407035175879398,1.0
14.77,1.6,1.0,0.6407035175879398,0.6407035175879398,0.5431654676258992,0.6923076923076923,0.6407035175879398,1.0
17.66,1.3,1.0,1.0,0.55,0.8901098901098901,0.6923076923076923,1.0,1.0
5.93,1.9,1.0,1.0,1.0,0.8901098901098901,0.6923076923076923,1.0,1.0
11.43,2.3,1.0,1.0,0.55,0.5431654676258992,0.6923076923076923,1.0,1.0
6.1,3.2,1.0,0.6407035175879398,0.55,0.5431654676258992,1.0,1.0,1.0
6.37,4.8,1.0,0.6407035175879398,0.6407035175879398,0.5431654676258992,1.0,0.6407035175879398,1.0
11.59,4.8,1.0,0.6407035175879398,0.55,0.5431654676258992,1.0,1.0,1.0
7.54,2.7,1.0,0.6407035175879398,1.0,0.5431654676258992,0.6923076923076923,0.6407035175879398,1.0
13.92,2.5,1.0,0.6407035175879398,1.0,0.8901098901098901,0.631578947368421,0.6407035175879398,1.0
14.38,3.7,1.0,0.6407035175879398,1.0,0.8901098901098901,0.6923076923076923,1.0,1.0
17.74,3.4,1.0,1.0,0.55,0.5431654676258992,0.6923076923076923,1.0,1.0
5.94,4.0,1.0,1.0,1.0,0.8901098901098901,0.6923076923076923,1.0,1.0
8.63,1.0,1.0,1.0,1.0,0.5431654676258992,0.6923076923076923,1.0,1.0
6.69,1.6,1.0,0.6407035175879398,0.25,0.8901098901098901,0.6923076923076923,1.0,1.0
11.64,2.8,1.0,0.6407035175879398,1.0,0.8901098901098901,0.6407035175879398,1.0,1.0
13.69,2.0,1.0,1.0,1.0,0.5431654676258992,0.3595505617977528,1.0,0.6407035175879398
16.46,3.4,1.0,1.0,1.0,0.8901098901098901,1.0,1.0,0.6407035175879398
19.81,3.8,1.0,0.6407035175879398,0.6407035175879398,0.5431654676258992,1.0,0.6407035175879398,0.6407035175879398
11.4,4.1,1.0,1.0,0.55,0.5431654676258992,0.9404761904761905,1.0,0.6407035175879398
11.21,3.6,1.0,1.0,0.55,0.5431654676258992,0.6923076923076923,0.6407035175879398,0.6407035175879398
13.47,2.6,1.0,0.6407035175879398,0.0,1.0,0.9404761904761905,1.0,1.0
13.79,2.2,1.0,0.6407035175879398,0.6407035175879398,0.5431654676258992,0.631578947368421,0.6407035175879398,1.0
11.6,3.1,1.0,1.0,0.5,0.5431654676258992,0.9404761904761905,1.0,1.0
6.64,1.8,1.0,0.6407035175879398,0.6407035175879398,0.5431654676258992,0.631578947368421,0.6407035175879398,1.0
6.14,1.4,1.0,1.0,0.5,0.5431654676258992,0.9404761904761905,1.0,1.0
16.82,1.9,1.0,0.6407035175879398,1.0,0.5431654676258992,0.9404761904761905,0.0,1.0
8.21,1.7,1.0,1.0,1.0,1.0,0.631578947368421,1.0,1.0
8.85,2.3,1.0,1.0,1.0,1.0,0.631578947368421,1.0,1.0
13.14,3.0,1.0,0.6407035175879398,1.0,0.5431654676258992,1.0,0.0,0.6407035175879398
12.51,4.2,1.0,0.6407035175879398,1.0,1.0,0.631578947368421,0.6407035175879398,0.6407035175879398
12.17,3.9,1.0,0.6407035175879398,1.0,0.5431654676258992,1.0,0.35714285714285715,0.6407035175879398
10.13,3.5,1.0,1.0,1.0,0.5431654676258992,0.30952380952380953,0.9,1.0
6.83,3.3,1.0,1.0,1.0,0.5431654676258992,0.30952380952380953,0.9,1.0
5.17,2.7,1.0,1.0,1.0,0.5431654676258992,0.3595505617977528,0.8,1.0
5.96,4.2,1.0,1.0,1.0,0.5431654676258992,0.30952380952380953,0.0,1.0
13.93,1.7,1.0,1.0,1.0,0.5431654676258992,0.3595505617977528,0.8,1.0
12.15,1.1,1.0,0.6407035175879398,1.0,0.5431654676258992,0.3595505617977528,0.6407035175879398,1.0
11.7,4.5,1.0,1.0,1.0,0.5431654676258992,0.3595505617977528,0.8,1.0
18.37,4.9,1.0,0.6407035175879398,0.6407035175879398,0.5431654676258992,0.6407035175879398,0.6407035175879398,0.6407035175879398
13.77,2.8,1.0,1.0,1.0,0.5431654676258992,0.9404761904761905,0.8,1.0
12.65,2.5,1.0,1.0,1.0,0.5431654676258992,0.9404761904761905,0.8,1.0
9.57,1.3,1.0,0.6407035175879398,1.0,1.0,0.631578947368421,0.5,1.0
5.87,4.4,1.0,0.6407035175879398,1.0,1.0,0.631578947368421,1.0,1.0
14.85,1.8,1.0,0.6407035175879398,0.6407035175879398,0.6407035175879398,1.0,0.35714285714285715,1.0
15.93,3.2,1.0,1.0,1.0,0.8901098901098901,1.0,0.6407035175879398,1.0
9.89,3.1,1.0,1.0,1.0,0.5431654676258992,1.0,1.0,1.0
13.57,3.6,1.0,1.0,1.0,0.6363636363636364,1.0,1.0,1.0
16.26,2.6,1.0,1.0,1.0,0.5431654676258992,1.0,1.0,1.0
16.62,2.0,1.0,1.0,1.0,0.6363636363636364,1.0,1.0,1.0
16.21,3.6,1.0,1.0,1.0,1.0,1.0,1.0,1.0
10.35,3.6,1.0,1.0,1.0,1.0,1.0,1.0,1.0
13.5,2.4,1.0,0.6407035175879398,1.0,0.8901098901098901,1.0,1.0,1.0
5.51,1.2,1.0,0.6407035175879398,1.0,0.8901098901098901,0.631578947368421,1.0,1.0
10.2,3.7,1.0,1.0,1.0,0.8901098901098901,0.631578947368421,1.0,1.0
5.63,2.7,1.0,1.0,1.0,0.8901098901098901,0.631578947368421,1.0,1.0
12.81,3.7,0.0,0.0,0.45454545454545453,0.5467625899280576,0.6491228070175439,0.0,0.034013605442176874
18.2,3.1,0.0,0.0,0.7272727272727273,0.5467625899280576,0.6491228070175439,0.42105263157894735,0.034013605442176874
12.95,3.6,0.0,0.0,0.45454545454545453,0.5467625899280576,0.6491228070175439,0.0,0.034013605442176874
15.37,3.7,0.0,0.0,0.7272727272727273,0.5467625899280576,0.6491228070175439,0.42105263157894735,0.034013605442176874
12.03,2.6,0.0,0.6407035175879398,0.6407035175879398,0.9010989010989011,0.6491228070175439,0.42105263157894735,0.034013605442176874
5.26,1.8,0.0,1.0,0.0,0.5467625899280576,0.3707865168539326,0.5,0.034013605442176874
6.91,2.4,1.0,0.6407035175879398,0.0,0.8901098901098901,0.3595505617977528,1.0,0.027210884353741496
6.23,2.6,1.0,0.0,1.0,0.6363636363636364,0.6407035175879398,0.6407035175879398,0.027210884353741496
15.04,3.6,1.0,0.6407035175879398,0.6407035175879398,1.0,0.30952380952380953,0.6407035175879398,0.027210884353741496
14.12,1.2,0.0,0.0,0.0,0.5467625899280576,0.3707865168539326,0.0,0.034013605442176874
12.42,3.4,0.0,0.0,0.0,0.5467625899280576,0.3333333333333333,0.42857142857142855,0.034013605442176874
10.3,2.0,0.0,0.6407035175879398,0.2,0.5467625899280576,0.3333333333333333,1.0,0.034013605442176874
6.31,2.3,0.0,0.6407035175879398,0.5,0.5467625899280576,0.3333333333333333,1.0,0.034013605442176874
10.06,2.1,0.0,0.6407035175879398,1.0,0.9010989010989011,0.6407035175879398,0.42105263157894735,0.034013605442176874
19.52,4.2,0.0,0.6407035175879398,0.45454545454545453,0.5467625899280576,0.3707865168539326,0.25,0.034013605442176874
17.78,4.4,0.0,0.0,0.2,0.5467625899280576,0.3333333333333333,0.0,0.034013605442176874
15.18,4.2,0.0,0.0,0.25,0.5467625899280576,0.3707865168539326,0.3333333333333333,0.034013605442176874
10.43,3.7,0.0,0.0,0.5666666666666667,0.5467625899280576,0.3333333333333333,0.0,0.034013605442176874
15.86,1.3,0.0,0.0,0.25,0.5467625899280576,0.3707865168539326,0.6407035175879398,0.034013605442176874
16.54,3.7,0.0,0.6407035175879398,0.5833333333333334,0.5467625899280576,0.3707865168539326,0.6407035175879398,0.034013605442176874
19.85,4.8,0.0,0.6407035175879398,0.5666666666666667,0.5467625899280576,0.3333333333333333,0.42857142857142855,0.034013605442176874
6.49,1.2,0.0,0.6407035175879398,0.0,0.5467625899280576,0.3333333333333333,0.2,0.034013605442176874
14.26,2.7,0.0,0.6407035175879398,0.0,0.5467625899280576,0.3707865168539326,0.2,0.034013605442176874
16.37,3.9,0.0,0.0,0.4,0.5467625899280576,0.3707865168539326,0.6407035175879398,0.034013605442176874
5.37,1.5,0.0,1.0,0.5666666666666667,0.5467625899280576,0.3333333333333333,0.6407035175879398,0.034013605442176874
7.68,2.1,0.0,0.6407035175879398,0.3333333333333333,0.5467625899280576,0.3707865168539326,0.6407035175879398,0.034013605442176874
14.31,1.2,0.0,0.6407035175879398,0.45454545454545453,0.5467625899280576,0.6491228070175439,0.6407035175879398,0.034013605442176874
5.28,3.5,0.0,0.6407035175879398,0.5666666666666667,0.5467625899280576,0.3707865168539326,1.0,0.034013605442176874
5.79,3.6,0.0,0.6407035175879398,0.5833333333333334,0.5467625899280576,0.6407035175879398,0.25,0.034013605442176874
11.99,4.3,0.0,1.0,0.5666666666666667,0.5467625899280576,0.3333333333333333,1.0,0.034013605442176874
6.34,3.1,0.0,0.6407035175879398,0.5666666666666667,0.5467625899280576,0.3707865168539326,0.6407035175879398,0.034013605442176874
12.81,2.7,0.0,0.6407035175879398,0.5666666666666667,0.5467625899280576,0.125,0.0,0.034013605442176874
16.39,1.4,0.0,0.6407035175879398,0.7272727272727273,0.9010989010989011,0.6491228070175439,1.0,0.034013605442176874
19.57,4.6,0.0,0.0,0.25,0.5467625899280576,0.3707865168539326,0.6407035175879398,0.034013605442176874
7.55,4.1,0.0,0.0,0.0,0.5467625899280576,0.3707865168539326,0.3333333333333333,0.034013605442176874
18.26,1.5,0.0,0.0,0.42857142857142855,0.5467625899280576,0.3333333333333333,0.42857142857142855,0.034013605442176874
18.2,1.8,0.0,0.6407035175879398,0.6407035175879398,0.5467625899280576,0.3707865168539326,0.3333333333333333,0.034013605442176874
14.23,4.7,0.0,0.0,0.2,0.5467625899280576,0.3333333333333333,0.0,0.034013605442176874
10.32,3.8,0.0,0.0,0.0,0.5467625899280576,0.3707865168539326,0.6407035175879398,0.034013605442176874
7.58,1.1,0.0,0.6407035175879398,0.6407035175879398,0.9010989010989011,0.6491228070175439,0.5,0.034013605442176874
9.08,3.2,0.0,0.6407035175879398,0.6407035175879398,0.5467625899280576,0.6491228070175439,0.6407035175879398,0.034013605442176874
9.54,1.6,0.0,0.0,0.5666666666666667,0.5467625899280576,0.3333333333333333,0.0,0.034013605442176874
9.86,2.3,0.0,0.0,0.2,0.5467625899280576,0.6491228070175439,0.6407035175879398,0.034013605442176874
9.35,2.2,0.0,0.6407035175879398,0.25,0.5467625899280576,0.125,0.0,0.034013605442176874
7.79,1.8,0.0,0.6407035175879398,0.4,0.7272727272727273,0.6407035175879398,0.6407035175879398,0.034013605442176874
11.84,1.7,0.0,0.0,0.0,0.5467625899280576,0.3707865168539326,0.0,0.034013605442176874
19.54,3.8,0.0,0.6407035175879398,0.42857142857142855,0.5467625899280576,0.3333333333333333,0.42857142857142855,0.034013605442176874
19.33,2.7,0.0,0.6407035175879398,0.0,0.5467625899280576,0.3707865168539326,0.0,0.034013605442176874
10.32,3.8,0.0,0.6407035175879398,0.7272727272727273,0.6407035175879398,0.6491228070175439,0.42105263157894735,0.034013605442176874
8.22,4.6,0.0,0.6407035175879398,1.0,0.5467625899280576,0.3333333333333333,0.6407035175879398,0.034013605442176874
15.56,3.9,0.0,0.6407035175879398,0.2,0.5467625899280576,0.6491228070175439,0.6407035175879398,0.034013605442176874
8.29,4.9,0.0,1.0,0.5666666666666667,0.5467625899280576,0.0,0.42105263157894735,0.034013605442176874
10.93,3.4,0.0,0.0,0.2,0.5467625899280576,0.3333333333333333,0.0,0.034013605442176874
16.5,4.4,0.0,0.0,0.5666666666666667,0.5467625899280576,0.3707865168539326,0.6407035175879398,0.034013605442176874
19.36,1.8,0.0,1.0,1.0,0.5467625899280576,0.6491228070175439,0.25,0.034013605442176874
10.23,2.8,0.0,0.6407035175879398,1.0,0.5467625899280576,0.3707865168539326,0.25,0.034013605442176874
19.33,2.7,0.0,0.6407035175879398,0.5666666666666667,0.9010989010989011,0.3333333333333333,0.6407035175879398,0.034013605442176874
18.47,2.2,0.0,0.6407035175879398,0.42857142857142855,0.5467625899280576,0.3707865168539326,0.2,0.034013605442176874
5.83,4.5,0.0,0.6407035175879398,0.45454545454545453,0.5467625899280576,0.3707865168539326,0.6407035175879398,0.034013605442176874
11.91,3.5,0.0,0.6407035175879398,0.0,0.5467625899280576,0.3707865168539326,0.6407035175879398,0.034013605442176874
19.27,1.2,0.0,0.6407035175879398,0.0,0.5467625899280576,0.3707865168539326,0.3333333333333333,0.034013605442176874
14.92,2.5,0.0,0.0,0.3333333333333333,0.5467625899280576,0.3707865168539326,0.6407035175879398,0.034013605442176874
12.7,1.7,0.0,0.0,0.42857142857142855,0.5467625899280576,0.3333333333333333,0.0,0.034013605442176874
15.25,3.5,0.0,0.0,0.0,0.5467625899280576,0.3707865168539326,0.0,0.034013605442176874
8.67,1.5,0.0,0.0,0.0,0.5467625899280576,0.3333333333333333,0.42857142857142855,0.034013605442176874
8.74,3.3,0.0,0.6407035175879398,0.0,0.5467625899280576,0.3333333333333333,0.6407035175879398,0.034013605442176874
7.31,4.2,0.0,0.0,0.25,0.5467625899280576,0.3707865168539326,0.3333333333333333,0.034013605442176874
16.69,2.3,0.0,0.6407035175879398,0.0,0.5467625899280576,0.3707865168539326,0.0,0.034013605442176874
6.63,3.3,0.0,0.6407035175879398,0.5666666666666667,0.5467625899280576,0.3333333333333333,0.6407035175879398,0.034013605442176874
13.24,1.4,0.0,1.0,0.5666666666666667,0.7272727272727273,0.3707865168539326,0.6407035175879398,0.034013605442176874
10.18,3.5,0.0,0.6407035175879398,0.25,0.5467625899280576,0.3707865168539326,0.0,0.034013605442176874
6.26,3.0,0.0,0.6407035175879398,0.5666666666666667,0.5467625899280576,0.3707865168539326,0.6407035175879398,0.034013605442176874
18.06,2.0,0.0,0.6407035175879398,1.0,0.5467625899280576,0.3707865168539326,0.0,0.034013605442176874
13.72,2.2,0.0,0.0,0.5666666666666667,0.5467625899280576,0.125,0.0,0.034013605442176874
6.5,2.2,0.0,0.0,0.5833333333333334,0.5467625899280576,0.0,0.0,0.034013605442176874
10.55,4.3,0.0,0.0,0.42857142857142855,0.5467625899280576,0.3333333333333333,0.42857142857142855,0.034013605442176874
7.87,2.8,0.0,0.0,0.75,0.5467625899280576,0.125,0.0,0.034013605442176874
19.86,1.6,0.0,0.0,0.0,0.5467625899280576,0.3707865168539326,0.0,0.034013605442176874
15.79,2.5,0.0,0.0,0.0,0.5467625899280576,0.3707865168539326,0.0,0.034013605442176874
15.52,2.2,0.0,0.0,0.25,0.5467625899280576,0.3707865168539326,0.0,0.034013605442176874
13.17,1.4,0.0,0.0,0.0,0.5467625899280576,0.3707865168539326,0.0,0.034013605442176874
5.65,3.9,0.0,0.0,0.0,0.5467625899280576,0.3707865168539326,0.2,0.034013605442176874
7.86,2.9,0.0,0.0,0.2,0.9010989010989011,0.125,0.42105263157894735,0.034013605442176874
15.1,2.2,0.0,0.0,0.5833333333333334,0.5467625899280576,0.3707865168539326,0.0,0.034013605442176874
13.87,1.3,0.0,0.6666666666666666,0.5666666666666667,0.5467625899280576,0.3333333333333333,0.5,0.034013605442176874
6.78,4.0,0.0,0.0,0.2,0.5467625899280576,0.6491228070175439,0.0,0.034013605442176874
12.85,2.2,0.0,0.0,0.4,0.5467625899280576,0.3707865168539326,0.0,0.034013605442176874
11.82,3.7,0.0,0.0,0.75,0.9010989010989011,0.9523809523809523,0.42105263157894735,0.034013605442176874
9.77,2.0,0.0,0.0,0.42857142857142855,0.5467625899280576,0.3333333333333333,0.42857142857142855,0.034013605442176874
12.77,4.7,0.0,0.0,0.4,0.5467625899280576,0.6491228070175439,0.0,0.034013605442176874
17.29,1.2,0.0,0.0,0.3333333333333333,0.5467625899280576,0.3707865168539326,0.0,0.034013605442176874
18.77,2.5,0.0,0.0,0.5,0.7272727272727273,0.9523809523809523,0.42105263157894735,0.034013605442176874
19.83,4.4,0.0,0.0,0.5,0.5467625899280576,0.3707865168539326,0.0,0.034013605442176874
12.88,3.9,0.0,0.0,0.5,0.5467625899280576,0.3707865168539326,0.0,0.034013605442176874
18.76,1.1,0.0,0.0,0.45454545454545453,0.5467625899280576,0.6491228070175439,0.0,0.034013605442176874
16.54,3.5,0.0,0.0,0.0,0.5467625899280576,0.3707865168539326,0.3333333333333333,0.034013605442176874
7.97,2.4,0.0,0.6407035175879398,0.5666666666666667,0.5467625899280576,0.3707865168539326,0.6407035175879398,0.034013605442176874
5.61,4.5,0.0,0.0,0.5666666666666667,0.5467625899280576,0.3707865168539326,0.6407035175879398,0.034013605442176874
6.28,3.1,0.0,0.6407035175879398,0.5666666666666667,0.5467625899280576,0.3707865168539326,1.0,0.034013605442176874
19.66,4.3,0.0,0.6407035175879398,0.5666666666666667,0.5467625899280576,0.3707865168539326,0.0,0.034013605442176874
13.61,4.7,0.0,0.6407035175879398,0.0,0.5467625899280576,0.3707865168539326,0.0,0.034013605442176874
16.77,1.5,0.0,0.0,0.42857142857142855,0.5467625899280576,0.3333333333333333,0.6407035175879398,0.034013605442176874
10.88,2.7,0.0,0.6407035175879398,0.4,0.5467625899280576,0.6491228070175439,0.6407035175879398,0.034013605442176874
5.26,3.9,0.0,0.6407035175879398,0.5666666666666667,0.5467625899280576,0.3333333333333333,0.6407035175879398,0.034013605442176874
19.43,2.5,0.0,0.0,0.5666666666666667,0.5467625899280576,0.3333333333333333,0.0,0.034013605442176874
5.39,2.4,0.0,0.6407035175879398,0.0,0.5467625899280576,0.125,0.0,0.034013605442176874
5.84,2.3,0.0,0.0,0.3333333333333333,0.5467625899280576,0.3707865168539326,0.6407035175879398,0.034013605442176874
10.87,4.4,0.0,0.0,0.5833333333333334,0.5467625899280576,0.0,0.0,0.034013605442176874
8.71,1.5,0.0,0.0,0.42857142857142855,0.5467625899280576,0.3333333333333333,0.42857142857142855,0.034013605442176874
5.21,1.7,0.0,0.0,0.75,0.5467625899280576,0.125,0.0,0.034013605442176874
9.3,1.1,0.0,0.0,0.0,0.5467625899280576,0.3707865168539326,0.0,0.034013605442176874
14.69,4.1,0.0,0.0,0.25,0.5467625899280576,0.3707865168539326,0.0,0.034013605442176874
9.78,1.1,0.0,0.0,0.0,0.5467625899280576,0.3707865168539326,0.0,0.034013605442176874
17.43,1.9,0.0,0.0,0.0,0.5467625899280576,0.3707865168539326,0.2,0.034013605442176874
18.22,2.9,0.0,0.0,0.2,0.9010989010989011,0.125,0.42105263157894735,0.034013605442176874
14.8,3.7,0.0,0.0,0.5833333333333334,0.5467625899280576,0.3707865168539326,0.0,0.034013605442176874
6.15,1.1,0.0,0.6666666666666666,0.5666666666666667,0.5467625899280576,0.3333333333333333,0.5,0.034013605442176874
7.02,3.7,0.0,0.0,0.2,0.5467625899280576,0.6491228070175439,0.0,0.034013605442176874
6.55,1.2,0.0,0.0,0.4,0.5467625899280576,0.3707865168539326,0.0,0.034013605442176874
8.1,4.2,0.0,0.0,0.75,0.9010989010989011,0.9523809523809523,0.42105263157894735,0.034013605442176874
16.7,4.8,0.0,0.0,0.42857142857142855,0.5467625899280576,0.3333333333333333,0.42857142857142855,0.034013605442176874
11.52,2.0,0.0,0.0,0.4,0.5467625899280576,0.6491228070175439,0.0,0.034013605442176874
7.87,4.3,0.0,0.0,0.3333333333333333,0.5467625899280576,0.3707865168539326,0.0,0.034013605442176874
6.59,4.8,0.0,0.0,0.5,0.7272727272727273,0.9523809523809523,0.42105263157894735,0.034013605442176874
12.44,3.3,0.0,0.0,0.5,0.5467625899280576,0.3707865168539326,0.0,0.034013605442176874
16.23,1.6,0.0,0.0,0.5,0.5467625899280576,0.3707865168539326,0.0,0.034013605442176874
7.47,2.4,0.0,0.0,0.45454545454545453,0.5467625899280576,0.6491228070175439,0.0,0.034013605442176874
16.49,2.9,0.0,0.6407035175879398,0.5,0.5467625899280576,0.7307692307692307,0.6407035175879398,0.034013605442176874
18.19,3.8,0.0,0.6407035175879398,0.0,0.9010989010989011,0.7307692307692307,0.6407035175879398,0.034013605442176874
9.66,3.0,0.0,0.6407035175879398,0.5,0.5467625899280576,0.1111111111111111,0.6407035175879398,0.034013605442176874
12.12,3.5,1.0,0.6407035175879398,0.3333333333333333,0.5431654676258992,0.6923076923076923,1.0,0.027210884353741496
5.64,4.1,0.0,0.6407035175879398,0.5,0.5467625899280576,0.1111111111111111,0.6407035175879398,0.034013605442176874
5.21,3.1,0.0,0.0,0.5666666666666667,0.5467625899280576,0.7307692307692307,0.25,0.034013605442176874
16.75,1.0,0.0,0.6407035175879398,0.6407035175879398,0.5467625899280576,0.1111111111111111,0.6407035175879398,0.034013605442176874
11.67,4.3,0.0,0.6407035175879398,0.6407035175879398,0.6407035175879398,0.6491228070175439,0.6407035175879398,0.034013605442176874
11.23,2.2,1.0,0.6407035175879398,0.6407035175879398,0.5431654676258992,0.6923076923076923,1.0,0.027210884353741496
14.22,3.4,0.0,0.0,0.5666666666666667,0.5467625899280576,0.1111111111111111,0.5,0.034013605442176874
15.46,3.2,0.0,0.6407035175879398,0.0,0.5467625899280576,0.7307692307692307,0.25,0.034013605442176874
10.61,3.7,0.0,0.6407035175879398,0.0,0.5467625899280576,0.1111111111111111,0.6407035175879398,0.034013605442176874
18.05,1.9,0.0,0.6407035175879398,0.6407035175879398,0.5467625899280576,0.1111111111111111,0.6407035175879398,0.034013605442176874
11.32,2.2,0.0,0.0,0.5666666666666667,0.5467625899280576,0.7307692307692307,0.25,0.034013605442176874
9.77,1.1,0.0,0.6407035175879398,0.0,0.5467625899280576,0.9523809523809523,0.6407035175879398,0.034013605442176874
14.52,2.0,0.0,0.6407035175879398,0.6407035175879398,0.5467625899280576,0.7307692307692307,0.6407035175879398,0.034013605442176874
17.8,1.3,0.0,0.0,0.5666666666666667,0.5467625899280576,0.1111111111111111,0.5,0.034013605442176874
8.7,1.9,0.0,0.6407035175879398,0.5,0.5467625899280576,0.1111111111111111,0.6407035175879398,0.034013605442176874
18.28,2.2,0.0,0.6407035175879398,0.0,0.5467625899280576,0.7307692307692307,0.6407035175879398,0.034013605442176874
6.52,1.1,0.0,0.6407035175879398,0.6407035175879398,0.5467625899280576,0.1111111111111111,0.6407035175879398,0.034013605442176874
11.27,2.8,0.0,0.6407035175879398,0.6407035175879398,0.5467625899280576,0.7307692307692307,0.25,0.034013605442176874
16.56,2.6,1.0,0.6407035175879398,1.0,0.8901098901098901,1.0,0.8,0.6407035175879398
8.82,1.9,1.0,1.0,0.55,0.5431654676258992,0.6407035175879398,0.35714285714285715,1.0
16.37,4.0,1.0,1.0,1.0,0.8901098901098901,0.30952380952380953,0.9,1.0
9.04,3.2,1.0,1.0,1.0,0.8901098901098901,0.30952380952380953,0.9,1.0
17.35,4.2,1.0,1.0,0.55,0.5431654676258992,1.0,1.0,1.0
8.85,1.8,1.0,1.0,0.55,0.5431654676258992,1.0,1.0,1.0
10.96,1.9,1.0,0.5,0.55,0.5431654676258992,0.3595505617977528,1.0,1.0
16.36,1.3,1.0,0.6407035175879398,0.6666666666666666,0.5431654676258992,0.3595505617977528,1.0,1.0
14.18,3.1,1.0,0.5,0.55,0.5431654676258992,0.3595505617977528,1.0,1.0
16.09,3.8,1.0,0.6407035175879398,0.25,0.8901098901098901,1.0,0.6407035175879398,0.6407035175879398
18.57,2.4,1.0,1.0,1.0,0.5431654676258992,0.9404761904761905,1.0,1.0
19.78,1.6,1.0,0.6407035175879398,1.0,0.5431654676258992,0.9404761904761905,1.0,1.0
6.05,1.6,1.0,0.6407035175879398,1.0,0.5431654676258992,0.3595505617977528,1.0,1.0
6.87,1.2,1.0,1.0,1.0,0.5431654676258992,0.3595505617977528,0.5,1.0
16.13,1.7,1.0,1.0,1.0,0.5431654676258992,0.3595505617977528,0.5,1.0
6.63,1.5,1.0,0.6407035175879398,1.0,0.5431654676258992,0.6923076923076923,0.0,1.0
8.79,2.6,1.0,1.0,1.0,0.5431654676258992,0.9404761904761905,1.0,1.0
12.4,2.1,1.0,1.0,1.0,0.5431654676258992,0.3595505617977528,1.0,1.0
18.48,4.8,1.0,1.0,1.0,0.5431654676258992,0.9404761904761905,1.0,1.0
13.99,2.2,1.0,1.0,1.0,0.5431654676258992,0.9404761904761905,1.0,1.0
12.79,3.4,1.0,1.0,1.0,0.5431654676258992,0.3595505617977528,1.0,1.0
14.95,3.9,1.0,0.6407035175879398,1.0,0.5431654676258992,0.0,0.0,1.0
16.2,4.4,1.0,1.0,1.0,0.5431654676258992,1.0,1.0,1.0
15.55,1.5,1.0,1.0,1.0,0.5431654676258992,1.0,1.0,1.0
5.55,4.5,1.0,0.6407035175879398,1.0,0.5431654676258992,1.0,0.0,0.6407035175879398
12.06,3.7,1.0,0.6407035175879398,1.0,0.5431654676258992,0.30952380952380953,0.35714285714285715,0.6407035175879398
19.49,1.7,1.0,1.0,1.0,0.8901098901098901,0.631578947368421,1.0,1.0
13.81,4.1,1.0,1.0,1.0,0.8901098901098901,0.631578947368421,1.0,1.0
5.11,4.7,1.0,1.0,0.5,0.5431654676258992,0.30952380952380953,0.35714285714285715,1.0
11.86,2.9,1.0,0.6407035175879398,0.6407035175879398,0.5431654676258992,0.631578947368421,0.6407035175879398,1.0
18.93,2.2,1.0,0.6407035175879398,0.5,0.5431654676258992,0.30952380952380953,0.6407035175879398,1.0
15.31,4.0,1.0,0.0,0.55,0.5431654676258992,1.0,0.6407035175879398,1.0
18.59,2.2,1.0,1.0,0.5,0.5431654676258992,0.30952380952380953,0.35714285714285715,1.0
12.47,4.3,1.0,0.6407035175879398,0.35714285714285715,0.5431654676258992,1.0,0.6407035175879398,1.0
15.85,4.4,1.0,0.6407035175879398,1.0,0.5431654676258992,1.0,0.6407035175879398,0.6407035175879398
13.92,4.9,1.0,1.0,1.0,0.5431654676258992,0.631578947368421,0.9,1.0
18.79,1.1,1.0,1.0,1.0,0.5431654676258992,0.631578947368421,0.9,1.0
11.8,3.4,1.0,1.0,0.6666666666666666,0.8901098901098901,0.30952380952380953,1.0,1.0
9.5,4.5,1.0,0.6407035175879398,0.55,0.5431654676258992,0.9404761904761905,0.0,1.0
11.19,1.5,1.0,0.6407035175879398,0.5,0.5431654676258992,0.30952380952380953,1.0,1.0
16.05,4.4,1.0,0.6407035175879398,0.55,0.5431654676258992,0.9404761904761905,0.6407035175879398,1.0
17.03,3.8,1.0,0.6407035175879398,1.0,0.5431654676258992,0.631578947368421,0.6407035175879398,1.0
5.64,3.0,1.0,0.6407035175879398,0.3333333333333333,0.5431654676258992,0.6923076923076923,0.6407035175879398,1.0
18.21,1.4,1.0,1.0,1.0,0.8901098901098901,0.9404761904761905,1.0,1.0
17.15,3.9,1.0,1.0,1.0,0.8901098901098901,0.9404761904761905,1.0,1.0
10.4,4.5,1.0,0.6407035175879398,1.0,0.8901098901098901,0.9404761904761905,0.6407035175879398,1.0
12.02,3.5,1.0,0.6407035175879398,0.0,0.8901098901098901,0.30952380952380953,0.8,1.0
15.89,4.9,1.0,1.0,0.6407035175879398,0.8901098901098901,0.9404761904761905,1.0,1.0
8.22,2.1,1.0,0.6407035175879398,1.0,0.8901098901098901,0.9404761904761905,1.0,1.0
13.93,1.4,1.0,1.0,0.6407035175879398,0.5431654676258992,0.9404761904761905,0.6407035175879398,1.0
14.32,4.5,1.0,1.0,1.0,0.8901098901098901,0.9404761904761905,0.8,1.0
14.83,3.5,1.0,0.6407035175879398,0.6407035175879398,0.8901098901098901,0.9404761904761905,1.0,1.0
9.24,4.3,1.0,1.0,0.6363636363636364,0.8901098901098901,0.9404761904761905,0.8,1.0
16.56,3.6,1.0,1.0,1.0,0.8901098901098901,0.9404761904761905,1.0,1.0
7.86,2.4,1.0,0.6407035175879398,1.0,0.8901098901098901,0.9404761904761905,1.0,1.0
6.29,1.4,1.0,1.0,0.6363636363636364,0.8901098901098901,0.9404761904761905,0.8,1.0
8.71,3.0,1.0,0.6407035175879398,0.5,0.5431654676258992,1.0,0.6407035175879398,1.0
6.84,4.9,1.0,1.0,1.0,0.8901098901098901,0.9404761904761905,1.0,1.0
9.78,1.1,1.0,1.0,1.0,0.8901098901098901,0.9404761904761905,0.0,1.0
8.9,3.6,1.0,1.0,1.0,0.8901098901098901,0.9404761904761905,1.0,1.0
8.72,4.9,1.0,0.6407035175879398,1.0,0.8901098901098901,0.9404761904761905,1.0,1.0
13.22,4.1,1.0,1.0,1.0,0.5431654676258992,0.9404761904761905,1.0,1.0
13.56,2.0,1.0,0.6407035175879398,1.0,0.8901098901098901,0.9404761904761905,1.0,1.0
7.51,1.1,1.0,1.0,0.5,0.5431654676258992,1.0,1.0,1.0
17.46,1.2,1.0,0.6407035175879398,0.6407035175879398,0.8901098901098901,0.9404761904761905,0.6407035175879398,1.0
13.56,2.6,1.0,1.0,1.0,0.8901098901098901,0.9404761904761905,1.0,1.0
11.5,4.3,1.0,0.6407035175879398,0.55,0.5431654676258992,0.9404761904761905,0.6407035175879398,1.0
19.25,4.0,1.0,0.6407035175879398,1.0,0.8901098901098901,0.9404761904761905,0.6407035175879398,1.0
8.82,4.6,1.0,0.6407035175879398,1.0,0.8901098901098901,0.6407035175879398,0.6407035175879398,1.0
10.02,4.8,1.0,0.6407035175879398,1.0,0.8901098901098901,0.9404761904761905,0.6407035175879398,1.0
11.93,1.4,1.0,0.6407035175879398,0.6407035175879398,0.8901098901098901,0.9404761904761905,0.6407035175879398,1.0
8.55,3.7,1.0,1.0,1.0,0.8901098901098901,0.9404761904761905,1.0,1.0
13.56,3.3,1.0,1.0,1.0,1.0,0.9404761904761905,0.6407035175879398,1.0
11.87,1.3,1.0,1.0,0.6363636363636364,0.8901098901098901,0.9404761904761905,1.0,1.0
6.82,1.2,1.0,0.5,0.55,0.5431654676258992,1.0,1.0,1.0
10.76,3.5,1.0,1.0,1.0,0.5431654676258992,1.0,1.0,1.0
15.05,2.2,1.0,1.0,1.0,0.5431654676258992,1.0,1.0,1.0
18.4,4.3,1.0,1.0,1.0,1.0,1.0,0.3684210526315789,1.0
19.56,1.6,1.0,1.0,1.0,0.8901098901098901,1.0,1.0,1.0
7.93,3.8,1.0,1.0,1.0,0.8901098901098901,0.9404761904761905,1.0,1.0
19.93,3.8,1.0,1.0,0.55,0.5431654676258992,1.0,1.0,1.0
8.58,1.5,1.0,1.0,0.16666666666666666,0.5431654676258992,0.3595505617977528,1.0,1.0
13.48,1.9,1.0,1.0,1.0,0.5431654676258992,0.9404761904761905,1.0,1.0
19.7,1.1,1.0,1.0,0.8333333333333334,0.5431654676258992,0.631578947368421,1.0,1.0
15.05,4.1,1.0,1.0,0.5,0.5431654676258992,1.0,1.0,1.0
6.66,4.4,1.0,1.0,0.6363636363636364,0.8901098901098901,0.9404761904761905,1.0,1.0
15.13,1.9,1.0,1.0,0.6363636363636364,0.8901098901098901,0.9404761904761905,1.0,1.0
18.06,5.0,1.0,1.0,0.55,0.5431654676258992,0.3595505617977528,1.0,1.0
13.4,3.7,1.0,1.0,1.0,0.8901098901098901,0.9404761904761905,1.0,1.0
11.11,3.4,1.0,1.0,1.0,0.8901098901098901,0.9404761904761905,1.0,1.0
14.41,2.8,1.0,1.0,0.8333333333333334,0.5431654676258992,0.631578947368421,1.0,1.0
15.45,1.1,1.0,1.0,0.35714285714285715,0.5431654676258992,0.9404761904761905,1.0,1.0
5.16,1.3,1.0,1.0,0.5,0.5431654676258992,0.631578947368421,1.0,1.0
19.84,4.6,1.0,1.0,1.0,0.8901098901098901,0.9404761904761905,1.0,1.0
5.67,4.2,1.0,1.0,0.6363636363636364,0.8901098901098901,0.9404761904761905,1.0,1.0
6.31,3.2,1.0,0.5,0.55,0.5431654676258992,1.0,1.0,1.0
16.74,4.7,1.0,1.0,1.0,0.5431654676258992,1.0,1.0,1.0
14.18,4.4,1.0,1.0,1.0,1.0,1.0,0.3684210526315789,1.0
13.92,4.9,1.0,1.0,1.0,0.8901098901098901,1.0,1.0,1.0
18.24,3.3,1.0,1.0,1.0,0.8901098901098901,0.9404761904761905,1.0,1.0
17.0,4.1,1.0,1.0,0.55,0.5431654676258992,1.0,1.0,1.0
15.56,3.1,1.0,1.0,0.16666666666666666,0.5431654676258992,0.3595505617977528,1.0,1.0
11.49,5.0,1.0,1.0,1.0,0.5431654676258992,0.9404761904761905,1.0,1.0
10.98,2.4,1.0,1.0,0.8333333333333334,0.5431654676258992,0.631578947368421,1.0,1.0
15.29,4.8,1.0,1.0,0.5,0.5431654676258992,1.0,1.0,1.0
19.66,4.9,1.0,1.0,0.6363636363636364,0.8901098901098901,0.9404761904761905,1.0,1.0
18.7,1.8,1.0,1.0,0.6363636363636364,0.8901098901098901,0.9404761904761905,1.0,1.0
13.29,3.7,1.0,1.0,0.55,0.5431654676258992,0.3595505617977528,1.0,1.0
15.39,4.5,1.0,1.0,1.0,0.8901098901098901,0.9404761904761905,1.0,1.0
15.07,2.1,1.0,1.0,1.0,0.8901098901098901,0.9404761904761905,1.0,1.0
16.88,1.7,1.0,1.0,0.8333333333333334,0.5431654676258992,0.631578947368421,1.0,1.0
10.6,3.6,1.0,1.0,0.35714285714285715,0.5431654676258992,0.9404761904761905,1.0,1.0
13.5,1.1,1.0,0.6407035175879398,1.0,0.8901098901098901,0.6923076923076923,0.6407035175879398,1.0
14.96,3.2,1.0,0.6407035175879398,1.0,0.5431654676258992,0.9404761904761905,0.3684210526315789,1.0
13.86,4.4,1.0,1.0,1.0,0.8901098901098901,0.6407035175879398,1.0,0.6407035175879398
19.26,2.9,1.0,0.6407035175879398,1.0,0.8901098901098901,0.9404761904761905,1.0,1.0
6.34,1.7,1.0,0.6407035175879398,1.0,0.8901098901098901,0.9404761904761905,1.0,1.0
14.18,3.8,1.0,1.0,0.5,0.8901098901098901,0.9404761904761905,1.0,1.0
5.07,2.9,1.0,1.0,0.5,0.8901098901098901,0.9404761904761905,1.0,1.0
11.95,4.4,1.0,0.6407035175879398,0.6407035175879398,0.8901098901098901,0.9404761904761905,0.6407035175879398,1.0
12.67,3.4,1.0,1.0,0.6666666666666666,0.8901098901098901,0.9404761904761905,1.0,1.0
15.83,2.4,1.0,1.0,1.0,0.8901098901098901,0.9404761904761905,1.0,1.0
8.55,2.3,1.0,0.6407035175879398,0.8333333333333334,0.5431654676258992,0.631578947368421,0.6407035175879398,0.6407035175879398
